source,no3_mgNL,doc_mgCL
lrho,0.24396934865900383,2.021611111111111
hbef,0.20571878844219804,1.6392665254237289
