source,no3_mgNL,doc_mgCL,spc
lrho,0.24396934865900383,2.021611111111111,9.7
hbef,0.20571878844219804,1.6392665254237289,9.093103448275862
